[{"fields": {"model": "logentry", "app_label": "admin"}, "model": "contenttypes.contenttype", "pk": 1}, {"fields": {"model": "permission", "app_label": "auth"}, "model": "contenttypes.contenttype", "pk": 2}, {"fields": {"model": "group", "app_label": "auth"}, "model": "contenttypes.contenttype", "pk": 3}, {"fields": {"model": "user", "app_label": "auth"}, "model": "contenttypes.contenttype", "pk": 4}, {"fields": {"model": "contenttype", "app_label": "contenttypes"}, "model": "contenttypes.contenttype", "pk": 5}, {"fields": {"model": "session", "app_label": "sessions"}, "model": "contenttypes.contenttype", "pk": 6}, {"fields": {"model": "catching", "app_label": "software"}, "model": "contenttypes.contenttype", "pk": 7}, {"fields": {"model": "senior", "app_label": "software"}, "model": "contenttypes.contenttype", "pk": 8}, {"fields": {"model": "profile", "app_label": "software"}, "model": "contenttypes.contenttype", "pk": 9}, {"fields": {"model": "chatting", "app_label": "software"}, "model": "contenttypes.contenttype", "pk": 10}, {"fields": {"model": "like", "app_label": "software"}, "model": "contenttypes.contenttype", "pk": 11}, {"fields": {"model": "singo", "app_label": "software"}, "model": "contenttypes.contenttype", "pk": 12}, {"fields": {"expire_date": "2017-03-23T19:42:28.012Z", "session_data": "ZGRiODFjNWMzYTQ5NzNiMWNkYWViNjA0ODNhYzMxMTIxYjA1MzExZjp7Il9hdXRoX3VzZXJfaGFzaCI6IjE4OWM0MDg4YThlMTQ1ZGMxMGMyZGJkZTMzNGNkOGEzNDQ1OTFhYzIiLCJfYXV0aF91c2VyX2JhY2tlbmQiOiJkamFuZ28uY29udHJpYi5hdXRoLmJhY2tlbmRzLk1vZGVsQmFja2VuZCIsIl9hdXRoX3VzZXJfaWQiOiIxIn0="}, "model": "sessions.session", "pk": "7biiw5r13a5m2svocooxi83icgd04mwb"}, {"fields": {"expire_date": "2017-03-23T19:05:52.311Z", "session_data": "MzA5ZGViMjdiNjhlYTJmY2E3ZDhjZWVlNDQwZmNiMjMwNmY2ZWViMDp7Il9hdXRoX3VzZXJfaGFzaCI6ImUwNTk2ODNmYjM0NzMwZmRkYzExNzVmNDM2YTk2YmJmMDYyOTc2ODEiLCJfYXV0aF91c2VyX2JhY2tlbmQiOiJkamFuZ28uY29udHJpYi5hdXRoLmJhY2tlbmRzLk1vZGVsQmFja2VuZCIsIl9hdXRoX3VzZXJfaWQiOiIyIn0="}, "model": "sessions.session", "pk": "f4lpnbduey2emrqwnd3ri01bqjvue759"}, {"fields": {"expire_date": "2017-03-23T19:00:23.542Z", "session_data": "MzA5ZGViMjdiNjhlYTJmY2E3ZDhjZWVlNDQwZmNiMjMwNmY2ZWViMDp7Il9hdXRoX3VzZXJfaGFzaCI6ImUwNTk2ODNmYjM0NzMwZmRkYzExNzVmNDM2YTk2YmJmMDYyOTc2ODEiLCJfYXV0aF91c2VyX2JhY2tlbmQiOiJkamFuZ28uY29udHJpYi5hdXRoLmJhY2tlbmRzLk1vZGVsQmFja2VuZCIsIl9hdXRoX3VzZXJfaWQiOiIyIn0="}, "model": "sessions.session", "pk": "hiykw46y9utvpw3yw1wj5sbr73t7m41w"}, {"fields": {"expire_date": "2017-03-23T19:40:17.835Z", "session_data": "ZGRiODFjNWMzYTQ5NzNiMWNkYWViNjA0ODNhYzMxMTIxYjA1MzExZjp7Il9hdXRoX3VzZXJfaGFzaCI6IjE4OWM0MDg4YThlMTQ1ZGMxMGMyZGJkZTMzNGNkOGEzNDQ1OTFhYzIiLCJfYXV0aF91c2VyX2JhY2tlbmQiOiJkamFuZ28uY29udHJpYi5hdXRoLmJhY2tlbmRzLk1vZGVsQmFja2VuZCIsIl9hdXRoX3VzZXJfaWQiOiIxIn0="}, "model": "sessions.session", "pk": "jrvft2qa8lj0121jwksazc9lh3dqyp2g"}, {"fields": {"expire_date": "2017-03-23T18:56:56.591Z", "session_data": "ZGRiODFjNWMzYTQ5NzNiMWNkYWViNjA0ODNhYzMxMTIxYjA1MzExZjp7Il9hdXRoX3VzZXJfaGFzaCI6IjE4OWM0MDg4YThlMTQ1ZGMxMGMyZGJkZTMzNGNkOGEzNDQ1OTFhYzIiLCJfYXV0aF91c2VyX2JhY2tlbmQiOiJkamFuZ28uY29udHJpYi5hdXRoLmJhY2tlbmRzLk1vZGVsQmFja2VuZCIsIl9hdXRoX3VzZXJfaWQiOiIxIn0="}, "model": "sessions.session", "pk": "tnzqf853a08otwi0adymeapyxjeq5kms"}, {"fields": {"comment": "", "profile": 1, "confidence": 0, "singo_count": 0, "image": "catching_image/messi.jpg", "modified_time": "2017-03-09T18:57:31.211Z", "like_count": 0, "senior": null, "registered_time": "2017-03-09T18:57:31.130Z", "chatting_count": 0, "is_in_pocket": false}, "model": "software.catching", "pk": 1}, {"fields": {"comment": "", "profile": 1, "confidence": 0, "singo_count": 0, "image": "catching_images/a/\u1109\u1173\u110f\u1173\u1105\u1175\u11ab\u1109\u1163\u11ba_2017-03-09_\u110b\u1169\u1112\u116e_9.45.05.png", "modified_time": "2017-03-09T19:00:29.695Z", "like_count": 0, "senior": null, "registered_time": "2017-03-09T19:00:29.630Z", "chatting_count": 0, "is_in_pocket": false}, "model": "software.catching", "pk": 2}, {"fields": {"comment": "", "profile": 1, "confidence": 0, "singo_count": 0, "image": "catching_images/a/son.png", "modified_time": "2017-03-09T19:00:34.484Z", "like_count": 0, "senior": null, "registered_time": "2017-03-09T19:00:34.417Z", "chatting_count": 0, "is_in_pocket": false}, "model": "software.catching", "pk": 3}, {"fields": {"comment": "dsfasdfsadf", "profile": 1, "confidence": 0, "singo_count": 0, "image": "catching_images/a/lampard.jpeg", "modified_time": "2017-03-09T19:02:44.402Z", "like_count": 0, "senior": 2, "registered_time": "2017-03-09T19:01:46.486Z", "chatting_count": 0, "is_in_pocket": false}, "model": "software.catching", "pk": 4}, {"fields": {"comment": "", "profile": 1, "confidence": 0, "singo_count": 0, "image": "catching_images/a/KakaoTalk_20170310_035906448.jpg", "modified_time": "2017-03-09T19:02:08.963Z", "like_count": 0, "senior": null, "registered_time": "2017-03-09T19:02:08.963Z", "chatting_count": 0, "is_in_pocket": false}, "model": "software.catching", "pk": 5}, {"fields": {"comment": "asdfasfsadf", "profile": 1, "confidence": 0, "singo_count": 0, "image": "catching_images/a/\u1109\u1173\u110f\u1173\u1105\u1175\u11ab\u1109\u1163\u11ba_2017-03-09_\u110b\u1169\u1112\u116e_9.45.05_HMNGeXd.png", "modified_time": "2017-03-09T19:25:59.649Z", "like_count": 0, "senior": 1, "registered_time": "2017-03-09T19:02:16.101Z", "chatting_count": 0, "is_in_pocket": false}, "model": "software.catching", "pk": 6}, {"fields": {"comment": "fsadfasdfasdf", "profile": 1, "confidence": 0, "singo_count": 0, "image": "catching_images/a/park.jpeg", "modified_time": "2017-03-09T19:21:10.250Z", "like_count": 0, "senior": 2, "registered_time": "2017-03-09T19:02:38.454Z", "chatting_count": 0, "is_in_pocket": false}, "model": "software.catching", "pk": 7}, {"fields": {"comment": "", "profile": 1, "confidence": 0, "singo_count": 0, "image": "catching_images/a/son.jpg", "modified_time": "2017-03-09T19:02:53.513Z", "like_count": 0, "senior": null, "registered_time": "2017-03-09T19:02:53.435Z", "chatting_count": 0, "is_in_pocket": false}, "model": "software.catching", "pk": 8}, {"fields": {"comment": "", "profile": 1, "confidence": 0, "singo_count": 0, "image": "catching_images/a/IMG_0212.JPG", "modified_time": "2017-03-09T19:06:02.529Z", "like_count": 0, "senior": null, "registered_time": "2017-03-09T19:06:02.529Z", "chatting_count": 0, "is_in_pocket": false}, "model": "software.catching", "pk": 9}, {"fields": {"comment": "", "profile": 1, "confidence": 0, "singo_count": 0, "image": "catching_images/a/son_BH5UMuv.png", "modified_time": "2017-03-09T19:06:16.755Z", "like_count": 0, "senior": null, "registered_time": "2017-03-09T19:06:16.688Z", "chatting_count": 0, "is_in_pocket": false}, "model": "software.catching", "pk": 10}, {"fields": {"comment": "", "profile": 1, "confidence": 0, "singo_count": 0, "image": "catching_images/a/son_BfFR18P.png", "modified_time": "2017-03-09T19:08:15.579Z", "like_count": 0, "senior": null, "registered_time": "2017-03-09T19:08:15.493Z", "chatting_count": 0, "is_in_pocket": false}, "model": "software.catching", "pk": 11}, {"fields": {"comment": "", "profile": 1, "confidence": 0, "singo_count": 0, "image": "catching_images/a/son_EZn2ZG0.png", "modified_time": "2017-03-09T19:12:20.671Z", "like_count": 0, "senior": null, "registered_time": "2017-03-09T19:12:20.611Z", "chatting_count": 0, "is_in_pocket": false}, "model": "software.catching", "pk": 12}, {"fields": {"comment": "", "profile": 1, "confidence": 0, "singo_count": 0, "image": "catching_image/IMG_0212.JPG", "modified_time": "2017-03-09T19:13:20.783Z", "like_count": 0, "senior": null, "registered_time": "2017-03-09T19:13:20.783Z", "chatting_count": 0, "is_in_pocket": false}, "model": "software.catching", "pk": 13}, {"fields": {"comment": "Djdjdu", "profile": 1, "confidence": 0, "singo_count": 0, "image": "catching_image/IMG_0212_cqtAAUr.JPG", "modified_time": "2017-03-09T19:30:17.696Z", "like_count": 0, "senior": 4, "registered_time": "2017-03-09T19:16:02.762Z", "chatting_count": 0, "is_in_pocket": false}, "model": "software.catching", "pk": 14}, {"fields": {"comment": "", "profile": 1, "confidence": 0, "singo_count": 0, "image": "catching_image/IMG_0212_kyvE0FF.JPG", "modified_time": "2017-03-09T19:17:26.762Z", "like_count": 0, "senior": null, "registered_time": "2017-03-09T19:17:26.762Z", "chatting_count": 0, "is_in_pocket": false}, "model": "software.catching", "pk": 15}, {"fields": {"comment": "", "profile": 1, "confidence": 0, "singo_count": 0, "image": "catching_image/son.png", "modified_time": "2017-03-09T19:18:06.427Z", "like_count": 0, "senior": null, "registered_time": "2017-03-09T19:18:06.355Z", "chatting_count": 0, "is_in_pocket": false}, "model": "software.catching", "pk": 16}, {"fields": {"comment": "", "profile": 1, "confidence": 0, "singo_count": 0, "image": "catching_image/IMG_0212_oisieFr.JPG", "modified_time": "2017-03-09T19:19:20.807Z", "like_count": 0, "senior": null, "registered_time": "2017-03-09T19:19:20.807Z", "chatting_count": 0, "is_in_pocket": false}, "model": "software.catching", "pk": 17}, {"fields": {"comment": "Dhh", "profile": 1, "confidence": 0, "singo_count": 0, "image": "catching_image/IMG_0212_tKLgsYS.JPG", "modified_time": "2017-03-09T19:28:34.353Z", "like_count": 0, "senior": 2, "registered_time": "2017-03-09T19:21:00.675Z", "chatting_count": 0, "is_in_pocket": false}, "model": "software.catching", "pk": 18}, {"fields": {"comment": "", "profile": 1, "confidence": 0, "singo_count": 0, "image": "catching_images/a/son_FUTYRFu.png", "modified_time": "2017-03-09T19:22:20.151Z", "like_count": 0, "senior": null, "registered_time": "2017-03-09T19:22:20.078Z", "chatting_count": 0, "is_in_pocket": false}, "model": "software.catching", "pk": 19}, {"fields": {"comment": "", "profile": 1, "confidence": 0, "singo_count": 0, "image": "catching_image/son_9aRh4U9.png", "modified_time": "2017-03-09T19:22:36.824Z", "like_count": 0, "senior": null, "registered_time": "2017-03-09T19:22:36.740Z", "chatting_count": 0, "is_in_pocket": false}, "model": "software.catching", "pk": 20}, {"fields": {"comment": "", "profile": 1, "confidence": 0, "singo_count": 0, "image": "catching_images/a/IMG_0212_J2iNiT3.JPG", "modified_time": "2017-03-09T19:23:06.892Z", "like_count": 0, "senior": null, "registered_time": "2017-03-09T19:23:06.892Z", "chatting_count": 0, "is_in_pocket": false}, "model": "software.catching", "pk": 21}, {"fields": {"comment": "", "profile": 1, "confidence": 0, "singo_count": 0, "image": "catching_images/a/son_FD8Lkty.png", "modified_time": "2017-03-09T19:23:55.156Z", "like_count": 0, "senior": null, "registered_time": "2017-03-09T19:23:55.082Z", "chatting_count": 0, "is_in_pocket": false}, "model": "software.catching", "pk": 22}, {"fields": {"comment": "", "profile": 1, "confidence": 0, "singo_count": 0, "image": "catching_image/IMG_0212_diDYxxe.JPG", "modified_time": "2017-03-09T19:25:35.808Z", "like_count": 0, "senior": null, "registered_time": "2017-03-09T19:25:35.490Z", "chatting_count": 0, "is_in_pocket": false}, "model": "software.catching", "pk": 23}, {"fields": {"comment": "Uduf", "profile": 1, "confidence": 0, "singo_count": 0, "image": "catching_images/a/son_HBfKZcO.png", "modified_time": "2017-03-09T19:29:26.747Z", "like_count": 0, "senior": 1, "registered_time": "2017-03-09T19:25:39.017Z", "chatting_count": 0, "is_in_pocket": false}, "model": "software.catching", "pk": 24}, {"fields": {"comment": "", "profile": 1, "confidence": 0, "singo_count": 0, "image": "catching_images/a/son_Py3RBQj.png", "modified_time": "2017-03-09T19:27:22.309Z", "like_count": 0, "senior": null, "registered_time": "2017-03-09T19:27:22.239Z", "chatting_count": 0, "is_in_pocket": false}, "model": "software.catching", "pk": 25}, {"fields": {"comment": "Shsdj", "profile": 1, "confidence": 0, "singo_count": 0, "image": "catching_images/a/IMG_0215.JPG", "modified_time": "2017-03-09T19:28:34.408Z", "like_count": 0, "senior": 2, "registered_time": "2017-03-09T19:28:16.621Z", "chatting_count": 0, "is_in_pocket": true}, "model": "software.catching", "pk": 26}, {"fields": {"comment": "sdfasf", "profile": 1, "confidence": 0, "singo_count": 0, "image": "catching_images/a/son_E9aiVak.png", "modified_time": "2017-03-09T19:33:43.405Z", "like_count": 0, "senior": 1, "registered_time": "2017-03-09T19:28:55.234Z", "chatting_count": 0, "is_in_pocket": false}, "model": "software.catching", "pk": 27}, {"fields": {"comment": "sdfasf", "profile": 1, "confidence": 0, "singo_count": 0, "image": "catching_images/a/\u1109\u1173\u110f\u1173\u1105\u1175\u11ab\u1109\u1163\u11ba_2017-03-09_\u110b\u1169\u1112\u116e_9.45.05_aK9Vcb3.png", "modified_time": "2017-03-09T19:30:35.648Z", "like_count": 0, "senior": 1, "registered_time": "2017-03-09T19:29:19.180Z", "chatting_count": 0, "is_in_pocket": false}, "model": "software.catching", "pk": 28}, {"fields": {"comment": "sdfasf", "profile": 1, "confidence": 0, "singo_count": 0, "image": "catching_images/a/son_dxBTzZf.png", "modified_time": "2017-03-09T19:29:33.353Z", "like_count": 0, "senior": 1, "registered_time": "2017-03-09T19:29:20.635Z", "chatting_count": 0, "is_in_pocket": false}, "model": "software.catching", "pk": 29}, {"fields": {"comment": "Sjdjd", "profile": 1, "confidence": 0, "singo_count": 0, "image": "catching_images/a/IMG_0212_bnEbcIX.JPG", "modified_time": "2017-03-09T19:33:37.873Z", "like_count": 0, "senior": 4, "registered_time": "2017-03-09T19:29:56.752Z", "chatting_count": 0, "is_in_pocket": false}, "model": "software.catching", "pk": 30}, {"fields": {"comment": "Sjdjd", "profile": 1, "confidence": 0, "singo_count": 0, "image": "catching_images/a/son_9Uh2Xyz.png", "modified_time": "2017-03-09T19:30:26.843Z", "like_count": 0, "senior": 4, "registered_time": "2017-03-09T19:30:08.541Z", "chatting_count": 0, "is_in_pocket": false}, "model": "software.catching", "pk": 31}, {"fields": {"comment": "chocho Esmond", "profile": 1, "confidence": 0, "singo_count": 1, "image": "catching_images/a/KakaoTalk_20170310_035906448_wd8vGq7.jpg", "modified_time": "2017-03-09T20:03:01.428Z", "like_count": 1, "senior": 3, "registered_time": "2017-03-09T19:30:54.630Z", "chatting_count": 0, "is_in_pocket": false}, "model": "software.catching", "pk": 32}, {"fields": {"comment": "sdfasf", "profile": 1, "confidence": 0, "singo_count": 0, "image": "catching_images/a/KakaoTalk_20170310_035906448_j4sM2Ja.jpg", "modified_time": "2017-03-09T20:01:11.392Z", "like_count": 0, "senior": 1, "registered_time": "2017-03-09T19:32:15.872Z", "chatting_count": 3, "is_in_pocket": true}, "model": "software.catching", "pk": 33}, {"fields": {"comment": "sdfasf", "profile": 1, "confidence": 0, "singo_count": 0, "image": "catching_images/a/KakaoTalk_20170310_035906448_o5uUsUR.jpg", "modified_time": "2017-03-09T19:33:51.309Z", "like_count": 0, "senior": 1, "registered_time": "2017-03-09T19:32:20.680Z", "chatting_count": 0, "is_in_pocket": false}, "model": "software.catching", "pk": 34}, {"fields": {"comment": "Dghhh", "profile": 1, "confidence": 0, "singo_count": 0, "image": "catching_image/IMG_0212_tAwsbzy.JPG", "modified_time": "2017-03-09T19:33:37.931Z", "like_count": 0, "senior": 4, "registered_time": "2017-03-09T19:33:25.293Z", "chatting_count": 0, "is_in_pocket": true}, "model": "software.catching", "pk": 35}, {"fields": {"comment": "1234567890123456789012345678901234567890", "profile": 1, "confidence": 0, "singo_count": 0, "image": "catching_image/r.jpg", "modified_time": "2017-03-09T20:17:07.408Z", "like_count": 0, "senior": 5, "registered_time": "2017-03-09T19:45:25.193Z", "chatting_count": 1, "is_in_pocket": true}, "model": "software.catching", "pk": 36}, {"fields": {"comment": "11111111111111111111", "profile": 1, "confidence": 0, "singo_count": 1, "image": "catching_images/a/son_AiYTicl.png", "modified_time": "2017-03-09T20:14:37.869Z", "like_count": 1, "senior": 3, "registered_time": "2017-03-09T20:02:50.105Z", "chatting_count": 2, "is_in_pocket": true}, "model": "software.catching", "pk": 37}, {"fields": {"caught_count": 1, "name": "\uae40\ud61c\ubbfc", "student_id": 20150232, "image": "senior_images/\uae40\ud61c\ubbfc/\u1109\u1173\u110f\u1173\u1105\u1175\u11ab\u1109\u1163\u11ba_2017-03-09_\u110b\u1169\u1112\u116e_9.45.05_1Cm1jq8.png", "modified_time": "2017-03-09T19:33:51.311Z", "like_count": 0, "registered_time": "2017-03-09T18:56:50.103Z"}, "model": "software.senior", "pk": 1}, {"fields": {"caught_count": 1, "name": "\uc815\ud61c\uc9c4", "student_id": 20150274, "image": "senior_images/\uc815\ud61c\uc9c4/1_LdVDmi4.JPG", "modified_time": "2017-03-09T19:28:34.357Z", "like_count": 0, "registered_time": "2017-03-09T18:57:08.247Z"}, "model": "software.senior", "pk": 2}, {"fields": {"caught_count": 1, "name": "\uc870\uc815\uc5f0", "student_id": 20150278, "image": "senior_images/\uc870\uc815\uc5f0/KakaoTalk_20170310_035906448.jpg", "modified_time": "2017-03-09T20:03:01.536Z", "like_count": 0, "registered_time": "2017-03-09T18:57:23.091Z"}, "model": "software.senior", "pk": 3}, {"fields": {"caught_count": 1, "name": "lampard", "student_id": 20150001, "image": "senior_images/lampard/lampard.jpeg", "modified_time": "2017-03-09T19:33:37.876Z", "like_count": 0, "registered_time": "2017-03-09T19:07:39.867Z"}, "model": "software.senior", "pk": 4}, {"fields": {"caught_count": 1, "name": "ronaldo", "student_id": 20150002, "image": "senior_images/ronaldo/ronaldo.jpeg", "modified_time": "2017-03-09T19:45:48.168Z", "like_count": 0, "registered_time": "2017-03-09T19:07:58.072Z"}, "model": "software.senior", "pk": 5}, {"fields": {"caught_count": 0, "name": "messi", "student_id": 20150003, "image": "senior_images/messi/messi.jpg", "modified_time": "2017-03-09T19:08:10.270Z", "like_count": 0, "registered_time": "2017-03-09T19:08:10.267Z"}, "model": "software.senior", "pk": 6}, {"fields": {"caught_count": 0, "name": "\uc11c\ud61c\ubbfc", "student_id": 20150247, "image": "senior_image/IMG_0216.JPG", "modified_time": "2017-03-09T19:43:02.615Z", "like_count": 0, "registered_time": "2017-03-09T19:43:02.539Z"}, "model": "software.senior", "pk": 7}, {"fields": {"profile": 1, "catching": 33, "modified_time": "2017-03-09T19:59:57.542Z", "registered_time": "2017-03-09T19:59:57.542Z", "chat": "111111111111111111111111111111111111111111111111111111111111111111111111111111111111111111111111111111111111111111111111111111111111111111111111111111111111111111111111111111111111111111111111111111111111111111111111111111111111111111111111111111111111111111111111111111"}, "model": "software.chatting", "pk": 1}, {"fields": {"profile": 1, "catching": 33, "modified_time": "2017-03-09T20:00:56.652Z", "registered_time": "2017-03-09T20:00:56.652Z", "chat": "111111111111111111111111111111111111111111111111111111111111111111111111111111111111111111111111111111111111111111111111111111111111111111111111111111111111111111111111111111111111111111111111111111111111111111111111111111111111111111111111111111111111111111111111111111"}, "model": "software.chatting", "pk": 2}, {"fields": {"profile": 1, "catching": 33, "modified_time": "2017-03-09T20:01:11.352Z", "registered_time": "2017-03-09T20:01:11.352Z", "chat": "11111111111111111111111111111111111111111111111111"}, "model": "software.chatting", "pk": 3}, {"fields": {"profile": 1, "catching": 37, "modified_time": "2017-03-09T20:10:35.433Z", "registered_time": "2017-03-09T20:10:35.433Z", "chat": "asdf"}, "model": "software.chatting", "pk": 4}, {"fields": {"profile": 1, "catching": 37, "modified_time": "2017-03-09T20:10:37.095Z", "registered_time": "2017-03-09T20:10:37.095Z", "chat": "fdffd"}, "model": "software.chatting", "pk": 5}, {"fields": {"profile": 1, "catching": 36, "modified_time": "2017-03-09T20:17:07.367Z", "registered_time": "2017-03-09T20:17:07.367Z", "chat": "ss"}, "model": "software.chatting", "pk": 6}, {"fields": {"profile": 1, "catching": 32, "registered_time": "2017-03-09T19:58:52.891Z", "modified_time": "2017-03-09T19:58:52.891Z"}, "model": "software.like", "pk": 1}, {"fields": {"profile": 1, "catching": 37, "registered_time": "2017-03-09T20:14:37.826Z", "modified_time": "2017-03-09T20:14:37.826Z"}, "model": "software.like", "pk": 2}, {"fields": {"profile": 1, "catching": 32, "registered_time": "2017-03-09T19:58:51.810Z", "modified_time": "2017-03-09T19:58:51.810Z"}, "model": "software.singo", "pk": 1}, {"fields": {"profile": 1, "catching": 37, "registered_time": "2017-03-09T20:14:36.310Z", "modified_time": "2017-03-09T20:14:36.310Z"}, "model": "software.singo", "pk": 2}, {"fields": {"codename": "add_logentry", "name": "Can add log entry", "content_type": 1}, "model": "auth.permission", "pk": 1}, {"fields": {"codename": "change_logentry", "name": "Can change log entry", "content_type": 1}, "model": "auth.permission", "pk": 2}, {"fields": {"codename": "delete_logentry", "name": "Can delete log entry", "content_type": 1}, "model": "auth.permission", "pk": 3}, {"fields": {"codename": "add_permission", "name": "Can add permission", "content_type": 2}, "model": "auth.permission", "pk": 4}, {"fields": {"codename": "change_permission", "name": "Can change permission", "content_type": 2}, "model": "auth.permission", "pk": 5}, {"fields": {"codename": "delete_permission", "name": "Can delete permission", "content_type": 2}, "model": "auth.permission", "pk": 6}, {"fields": {"codename": "add_group", "name": "Can add group", "content_type": 3}, "model": "auth.permission", "pk": 7}, {"fields": {"codename": "change_group", "name": "Can change group", "content_type": 3}, "model": "auth.permission", "pk": 8}, {"fields": {"codename": "delete_group", "name": "Can delete group", "content_type": 3}, "model": "auth.permission", "pk": 9}, {"fields": {"codename": "add_user", "name": "Can add user", "content_type": 4}, "model": "auth.permission", "pk": 10}, {"fields": {"codename": "change_user", "name": "Can change user", "content_type": 4}, "model": "auth.permission", "pk": 11}, {"fields": {"codename": "delete_user", "name": "Can delete user", "content_type": 4}, "model": "auth.permission", "pk": 12}, {"fields": {"codename": "add_contenttype", "name": "Can add content type", "content_type": 5}, "model": "auth.permission", "pk": 13}, {"fields": {"codename": "change_contenttype", "name": "Can change content type", "content_type": 5}, "model": "auth.permission", "pk": 14}, {"fields": {"codename": "delete_contenttype", "name": "Can delete content type", "content_type": 5}, "model": "auth.permission", "pk": 15}, {"fields": {"codename": "add_session", "name": "Can add session", "content_type": 6}, "model": "auth.permission", "pk": 16}, {"fields": {"codename": "change_session", "name": "Can change session", "content_type": 6}, "model": "auth.permission", "pk": 17}, {"fields": {"codename": "delete_session", "name": "Can delete session", "content_type": 6}, "model": "auth.permission", "pk": 18}, {"fields": {"codename": "add_catching", "name": "Can add catching", "content_type": 7}, "model": "auth.permission", "pk": 19}, {"fields": {"codename": "change_catching", "name": "Can change catching", "content_type": 7}, "model": "auth.permission", "pk": 20}, {"fields": {"codename": "delete_catching", "name": "Can delete catching", "content_type": 7}, "model": "auth.permission", "pk": 21}, {"fields": {"codename": "add_senior", "name": "Can add senior", "content_type": 8}, "model": "auth.permission", "pk": 22}, {"fields": {"codename": "change_senior", "name": "Can change senior", "content_type": 8}, "model": "auth.permission", "pk": 23}, {"fields": {"codename": "delete_senior", "name": "Can delete senior", "content_type": 8}, "model": "auth.permission", "pk": 24}, {"fields": {"codename": "add_profile", "name": "Can add profile", "content_type": 9}, "model": "auth.permission", "pk": 25}, {"fields": {"codename": "change_profile", "name": "Can change profile", "content_type": 9}, "model": "auth.permission", "pk": 26}, {"fields": {"codename": "delete_profile", "name": "Can delete profile", "content_type": 9}, "model": "auth.permission", "pk": 27}, {"fields": {"codename": "add_chatting", "name": "Can add chatting", "content_type": 10}, "model": "auth.permission", "pk": 28}, {"fields": {"codename": "change_chatting", "name": "Can change chatting", "content_type": 10}, "model": "auth.permission", "pk": 29}, {"fields": {"codename": "delete_chatting", "name": "Can delete chatting", "content_type": 10}, "model": "auth.permission", "pk": 30}, {"fields": {"codename": "add_like", "name": "Can add like", "content_type": 11}, "model": "auth.permission", "pk": 31}, {"fields": {"codename": "change_like", "name": "Can change like", "content_type": 11}, "model": "auth.permission", "pk": 32}, {"fields": {"codename": "delete_like", "name": "Can delete like", "content_type": 11}, "model": "auth.permission", "pk": 33}, {"fields": {"codename": "add_singo", "name": "Can add singo", "content_type": 12}, "model": "auth.permission", "pk": 34}, {"fields": {"codename": "change_singo", "name": "Can change singo", "content_type": 12}, "model": "auth.permission", "pk": 35}, {"fields": {"codename": "delete_singo", "name": "Can delete singo", "content_type": 12}, "model": "auth.permission", "pk": 36}, {"fields": {"username": "admin", "first_name": "", "last_name": "", "is_active": true, "is_superuser": true, "is_staff": true, "last_login": "2017-03-09T19:42:28.009Z", "groups": [], "user_permissions": [], "password": "pbkdf2_sha256$20000$hSpfDmq12e58$P0xS6xEN5TUt+y5BAF2u0ngqDir2tcaJZ8bg/cwpBoU=", "email": "admin@gmail.com", "date_joined": "2017-03-09T18:55:39.006Z"}, "model": "auth.user", "pk": 1}, {"fields": {"username": "a", "first_name": "a", "last_name": "", "is_active": true, "is_superuser": false, "is_staff": false, "last_login": "2017-03-09T19:28:05.629Z", "groups": [], "user_permissions": [], "password": "pbkdf2_sha256$20000$rU9XR708laki$eTspOHAy5Vhw5sJav6+e9imS8JgQpZflL7RmfKMonO0=", "email": "", "date_joined": "2017-03-09T18:55:51Z"}, "model": "auth.user", "pk": 2}, {"fields": {"username": "b", "first_name": "b", "last_name": "", "is_active": true, "is_superuser": false, "is_staff": false, "last_login": null, "groups": [], "user_permissions": [], "password": "pbkdf2_sha256$20000$cpFQImIcXJEQ$HhYHBwn9WZDAkKcyuheeveLWSIP6jQWdYrGNrtnpc7w=", "email": "", "date_joined": "2017-03-09T18:55:59Z"}, "model": "auth.user", "pk": 3}, {"fields": {"username": "c", "first_name": "c", "last_name": "", "is_active": true, "is_superuser": false, "is_staff": false, "last_login": null, "groups": [], "user_permissions": [], "password": "pbkdf2_sha256$20000$GDrPf3XCaStM$8wtXW8qaD16wZSpF6mYmMPsDcqN8UOa1HhP1DwTrqrs=", "email": "", "date_joined": "2017-03-09T18:56:06Z"}, "model": "auth.user", "pk": 4}, {"fields": {"is_freshman": true, "registered_time": "2017-03-09T18:56:15.204Z", "user": 2, "modified_time": "2017-03-09T20:03:01.538Z", "catching_count": 5}, "model": "software.profile", "pk": 1}, {"fields": {"is_freshman": true, "registered_time": "2017-03-09T18:56:17.600Z", "user": 3, "modified_time": "2017-03-09T18:56:17.600Z", "catching_count": 0}, "model": "software.profile", "pk": 2}, {"fields": {"is_freshman": true, "registered_time": "2017-03-09T18:56:20.357Z", "user": 4, "modified_time": "2017-03-09T18:56:20.357Z", "catching_count": 0}, "model": "software.profile", "pk": 3}, {"fields": {"action_flag": 1, "action_time": "2017-03-09T18:55:51.742Z", "object_repr": "a", "object_id": "2", "change_message": "", "user": 1, "content_type": 4}, "model": "admin.logentry", "pk": 1}, {"fields": {"action_flag": 2, "action_time": "2017-03-09T18:55:54.171Z", "object_repr": "a", "object_id": "2", "change_message": "Changed first_name.", "user": 1, "content_type": 4}, "model": "admin.logentry", "pk": 2}, {"fields": {"action_flag": 1, "action_time": "2017-03-09T18:55:59.136Z", "object_repr": "b", "object_id": "3", "change_message": "", "user": 1, "content_type": 4}, "model": "admin.logentry", "pk": 3}, {"fields": {"action_flag": 2, "action_time": "2017-03-09T18:56:00.917Z", "object_repr": "b", "object_id": "3", "change_message": "Changed first_name.", "user": 1, "content_type": 4}, "model": "admin.logentry", "pk": 4}, {"fields": {"action_flag": 1, "action_time": "2017-03-09T18:56:06.421Z", "object_repr": "c", "object_id": "4", "change_message": "", "user": 1, "content_type": 4}, "model": "admin.logentry", "pk": 5}, {"fields": {"action_flag": 2, "action_time": "2017-03-09T18:56:08.803Z", "object_repr": "c", "object_id": "4", "change_message": "Changed first_name.", "user": 1, "content_type": 4}, "model": "admin.logentry", "pk": 6}, {"fields": {"action_flag": 1, "action_time": "2017-03-09T18:56:15.205Z", "object_repr": "Profile object", "object_id": "1", "change_message": "", "user": 1, "content_type": 9}, "model": "admin.logentry", "pk": 7}, {"fields": {"action_flag": 1, "action_time": "2017-03-09T18:56:17.602Z", "object_repr": "Profile object", "object_id": "2", "change_message": "", "user": 1, "content_type": 9}, "model": "admin.logentry", "pk": 8}, {"fields": {"action_flag": 1, "action_time": "2017-03-09T18:56:20.358Z", "object_repr": "Profile object", "object_id": "3", "change_message": "", "user": 1, "content_type": 9}, "model": "admin.logentry", "pk": 9}]